{
"@context": "https://w3id.org/ro/crate/1.1/context",
"@graph": [
{
"@type": "CreativeWork",
"@id": "ro-crate-metadata.json",
"conformsTo": { "@id": "https://w3id.org/ro/crate/1.1" },
"about": { "@id": "https://catalogue.ceh.ac.uk/id/0239cdaf-deab-4151-8f68-715063eaea45" }
},
{
"@type":"Dataset",
"name":"Antibiotic resistance and resistant genes in Escherichia coli from human, poultry and environmental samples in urban and rural Bangladesh (2017-18)",
"@id": "https://catalogue.ceh.ac.uk/id/0239cdaf-deab-4151-8f68-715063eaea45",
"hasPart": [
{"@id": "#partEcolicounts.csv"} ],
"identifier": {
"@type":"PropertyValue",
"propertyID": "https://registry.identifiers.org/registry/doi",
"value": "doi:10.5285/0239cdaf-deab-4151-8f68-715063eaea45",
"url": "https://doi.org/10.5285/0239cdaf-deab-4151-8f68-715063eaea45"
},
"url": "https://doi.org/10.5285/0239cdaf-deab-4151-8f68-715063eaea45",
"creditText":"Rousham, E.K., Islam, M.A., Unicomb, L., Asaduzzaman, M., Islam, R., Amin, B., Mozmader, T.I.M.A., Hossain, M.I., Rahman, M., Wood, P.J. (2019). Antibiotic resistance and resistant genes in Escherichia coli from human, poultry and environmental samples in urban and rural Bangladesh (2017-18). NERC Environmental Information Data Centre. (Dataset). https://doi.org/10.5285/0239cdaf-deab-4151-8f68-715063eaea45",
"description":"The dataset includes information on antibiotic-resistance and resistance genes in bacteria (Escherichia coli) from humans, poultry and the environment in rural households, poultry farms and urban food markets. The rural households and poultry farms (broiler chickens) were located in Mirzapur, Tangail district; and urban food markets were located in Dhaka city, Bangladesh. Environmental samples were collected from surface water, water supply, wastewater, soil, animal faeces (poultry and cattle) and solid waste between February 2017 and October 2018 . DNA samples from antibiotic-resistant bacteria found in all samples were analysed for quantitative assessment of two resistance genes. Trained staff from the International Centre for Diarrhoeal Disease Research, Bangladesh (icddr,b) undertook sample collection and laboratory analysis. The aim of the study was to assess the prevalence and abundance of antibiotic-resistant bacteria and associated genes among humans, poultry and environmental compartments in Bangladesh. The survey was part of a wider research project, Spatial and Temporal Dynamics of Antimicrobial Resistance Transmission from the Outdoor Environment to Humans in Urban and Rural Bangladesh. The research was funded by NERC/BBSRC/MRC on behalf of the Antimicrobial Resistance Cross-Council Initiative award NE/N019555/1.",
"isAccessibleForFree": true,
"datePublished":"2019-02-08",
"keywords": [
"antimicrobial resistance"
,
"bacterial counts"
,
"carbapenem"
,
"infectious disease"
,
"third-generation cephalosporin"
,
{"@type": "DefinedTerm","@id": "http://www.eionet.europa.eu/gemet/concept/2279","name": "DNA","inDefinedTermSet": "https://www.eionet.europa.eu/gemet/" }
,
{"@type": "DefinedTerm","@id": "http://www.eionet.europa.eu/gemet/concept/473","name": "antibiotic","inDefinedTermSet": "https://www.eionet.europa.eu/gemet/" }
,
{"@type": "DefinedTerm","@id": "http://www.eionet.europa.eu/gemet/concept/5218","name": "microbiology","inDefinedTermSet": "https://www.eionet.europa.eu/gemet/" }
,
{"@type": "DefinedTerm","@id": "http://www.eionet.europa.eu/gemet/concept/7163","name": "resistance (biological)","inDefinedTermSet": "https://www.eionet.europa.eu/gemet/" }
],
"author": [
{"@id": "https://orcid.org/0000-0001-5654-9279"},
{"@id": "https://orcid.org/0000-0001-5107-5289"},
{"@id": "#author2"},
{"@id": "https://orcid.org/0000-0001-9048-7980"},
{"@id": "#author4"},
{"@id": "#author5"},
{"@id": "#author6"},
{"@id": "#author7"},
{"@id": "#author8"},
{"@id": "#author9"}
],
"contactPoint": [
{"@id": "https://orcid.org/0000-0001-5654-9279"}
],
"temporalCoverage":[
"2017-02-01/2018-10-31" ],
"spatialCoverage": [ {"@id": "#bbox0"}],
"funder": [ {"@id": "#fund0"}],
"license": {"@id": "#oglLicence"},
"distribution": [ {"@id": "#distribution0"}],
"publisher":{"@id":"https://ror.org/04xw4m193"},
"provider" : {"@id":"https://ror.org/04xw4m193"},
"includedInDataCatalog":{ "@id": "#eidc-dataCatalogue"}
},
{
"@id": "#eidc-dataCatalogue",
"@type":"DataCatalog",
"name":"Environmental Information Data Centre",
"alternateName":"EIDC",
"url":"https://catalogue.ceh.ac.uk/eidc/documents"
},
{
"@id": "https://ror.org/04xw4m193",
"@type":"Organization",
"name":"NERC EDS Environmental Information Data Centre",
"email": "info@eidc.ac.uk"
}
,{
"@id": "#oglLicence",
"@type": "CreativeWork",
"name": "Open Government Licence v3",
"alternateName":"OGL-UK-3.0",
"license": "https://spdx.org/licenses/OGL-UK-3.0.html"
}
, {
"@id": "#bbox0",
"@type":"Place",
"geo":{
"@type":"GeoShape",
"box":"89.819 23.282, 91.082 24.847"
}
}
,
{
"@id": "https://orcid.org/0000-0001-5654-9279",
"@type": "Person",
"name": "Rousham, E.K."
, "familyName": "Rousham"
, "givenName": "E.K."
,"email": "E.K.Rousham@lboro.ac.uk"
,"identifier": {
"@type":"PropertyValue",
"propertyID": "orcid",
"value": "https://orcid.org/0000-0001-5654-9279"
}
,"affiliation":{
"@id": "https://ror.org/04vg4w365"
}
},
{
"@id": "https://orcid.org/0000-0001-5107-5289",
"@type": "Person",
"name": "Islam, M.A."
, "familyName": "Islam"
, "givenName": "M.A."
,"email": "maislam@icddrb.org"
,"identifier": {
"@type":"PropertyValue",
"propertyID": "orcid",
"value": "https://orcid.org/0000-0001-5107-5289"
}
,"affiliation":{
"@id": "https://ror.org/04vsvr128"
}
},
{
"@id": "#author2",
"@type": "Person",
"name": "Unicomb, L."
, "familyName": "Unicomb"
, "givenName": "L."
,"email": "leanne@icddrb.org"
,"affiliation":{
"@id": "https://ror.org/04vsvr128"
}
},
{
"@id": "https://orcid.org/0000-0001-9048-7980",
"@type": "Person",
"name": "Asaduzzaman, M."
, "familyName": "Asaduzzaman"
, "givenName": "M."
,"email": "asaduzzaman@icddrb.org"
,"identifier": {
"@type":"PropertyValue",
"propertyID": "orcid",
"value": "https://orcid.org/0000-0001-9048-7980"
}
,"affiliation":{
"@id": "https://ror.org/04vsvr128"
}
},
{
"@id": "#author4",
"@type": "Person",
"name": "Islam, R."
, "familyName": "Islam"
, "givenName": "R."
,"email": "rayhanul.islam@icddrb.org"
,"affiliation":{
"@id": "https://ror.org/04vsvr128"
}
},
{
"@id": "#author5",
"@type": "Person",
"name": "Amin, B."
, "familyName": "Amin"
, "givenName": "B. "
,"email": "badrul.amin@icddrb.org"
,"affiliation":{
"@id": "https://ror.org/04vsvr128"
}
},
{
"@id": "#author6",
"@type": "Person",
"name": "Mozmader, T.I.M.A."
, "familyName": "Mozmader"
, "givenName": "T.I.M.A"
,"email": "amin.uddin@icddrb.org"
,"affiliation":{
"@id": "https://ror.org/04vsvr128"
}
},
{
"@id": "#author7",
"@type": "Person",
"name": "Hossain, M.I."
, "familyName": "Hossain"
, "givenName": "M.I."
,"email": "iqbal.hossain@icddrb.org"
,"affiliation":{
"@id": "https://ror.org/04vsvr128"
}
},
{
"@id": "#author8",
"@type": "Person",
"name": "Rahman, M."
, "familyName": "Rahman"
, "givenName": "M."
,"email": "mahdia@icddrb.org"
,"affiliation":{
"@id": "https://ror.org/04vsvr128"
}
},
{
"@id": "#author9",
"@type": "Person",
"name": "Wood, P.J."
, "familyName": "Wood"
, "givenName": "P. J."
,"email": "p.j.wood@lboro.ac.uk"
,"affiliation":{
"@id": "https://ror.org/04vg4w365"
}
}
,
{
"@id": "https://orcid.org/0000-0001-5654-9279",
"@type": "Person",
"name": "Rousham, E.K."
, "familyName": "Rousham"
, "givenName": "E.K."
,"email": "E.K.Rousham@lboro.ac.uk"
,"identifier": {
"@type":"PropertyValue",
"propertyID": "orcid",
"value": "https://orcid.org/0000-0001-5654-9279"
}
,"affiliation":{
"@id": "https://ror.org/04vg4w365"
}
}
, {
"@id": "#fund0",
"@type":"Organization"
,"name":"Natural Environment Research Council"
}
, {
"@id": "#partEcolicounts.csv","name": "Ecolicounts.csv","@type": "File"
,"encodingFormat": "text/csv"
,"sha256": "10d647f7683b01cae5d335ead19c03ff56eb2ac64b0aea15ff004dc2cdea6a56"
,"lastModified": "2019-02-07T14:35:36"
,"bytes": 172327
,"contentUrl": "data/Ecolicounts.csv"
}
, {
"@id": "#distribution0",
"@type":"DataDownload",
"contentUrl":"https://data-package.ceh.ac.uk/data/0239cdaf-deab-4151-8f68-715063eaea45"
,"encodingFormat":"application/zip"
}
, {
"@id": "https://ror.org/04vg4w365",
"@type": "Organization",
"name": "Loughborough University",
"identifier": "https://ror.org/04vg4w365"
},
{
"@id": "https://ror.org/04vsvr128",
"@type": "Organization",
"name": "International Centre for Diarrhoeal Disease Research, Bangladesh",
"identifier": "https://ror.org/04vsvr128"
}
]
}