Variable name,Variable label
PId,Respondent ID
Village/Farm/Marketno,"ID number for village, farm or market"
Studysite,Study site: rural household; commercial farm or live bird market
Status,"High exposure = high exposure to, or ownership of, poultry. Low exposure = low exposure to, or ownership of, poultry"
Sampletype,Type of sample
Samplenumber,"1= first sample, 2= an additional sample collected on a second individual, poultry, or environmental compartment from the same household/farm or market stall as the first sample"
Season,Season of sample collection : summer or winter
Uniqueid,Unique ID  for the sample
TBXcount,E. coli count (CFU/g or CFU/100mL) in control (standard) culture medium (TBX medium) 
StatusTBX,"TBX Status (positive, negative)"
ESBLcount,E. coli count (CFU/g or CFU/100mL) for bacteria with third-generation cephalosporin resistance
StatusESBL,Third generation cephalosporin resistance =positive or negative
KPCcount,E. coli count (CFU/g or CFU/100mL) for bacteria with carbapenem resistance 
StatusKPC,Carbapenemase (KPC) resistance= positive or negative
CTXM,CTX-M=  copy number for blaCTX-M resistance gene (per g or per 100mL)
NDM1,NDM-1= copy number for blaNDM-1 resistance genes (per g or per 100mL)
pH,pH of water 
Conductivity,Conductivity of water (in ppm)
Temp,Temperature of water (degrees Celsius)
GISND,GIS northing: unit =degrees
GISNM,GIS northing: unit =minutes
GISED,GIS easting: units= degree
GISEM,GIS easting: unit = minutes
GISlat,Latitude of the sample collection point
GISlong,Longitude of the sample collection point
